id,human_score,cllm_score,c5_score,cllm_abs_error,c5_abs_error,c5_wins,matched_concepts,n_matched_concepts,chain_pct,solo,bloom
0,3.0,2.0,2.0,1.0,1.0,tie,,0,0%,Prestructural,Understand
1,3.0,5.0,4.5,2.0,1.5,1,,0,0%,Prestructural,Remember
2,5.0,4.5,4.5,0.5,0.5,tie,,0,0%,Prestructural,Remember
3,2.0,3.0,1.0,1.0,1.0,tie,,0,0%,Prestructural,Remember
4,5.0,5.0,4.5,0.0,0.5,0,,0,0%,Prestructural,Remember
5,5.0,5.0,4.5,0.0,0.5,0,,0,0%,Prestructural,Remember
6,5.0,5.0,4.5,0.0,0.5,0,,0,0%,Prestructural,Remember
7,2.0,0.0,0.5,2.0,1.5,1,,0,0%,Prestructural,Remember
8,5.0,5.0,4.5,0.0,0.5,0,,0,0%,Prestructural,Remember
9,5.0,5.0,4.5,0.0,0.5,0,,0,0%,Prestructural,Remember
10,5.0,5.0,1.5,0.0,3.5,0,,0,0%,Prestructural,Remember
11,5.0,3.5,4.5,1.5,0.5,1,,0,0%,Prestructural,Remember
12,5.0,5.0,4.5,0.0,0.5,0,,0,0%,Prestructural,Remember
13,4.0,5.0,3.0,1.0,1.0,tie,,0,0%,Prestructural,Remember
14,4.0,5.0,3.0,1.0,1.0,tie,,0,0%,Prestructural,Remember
15,4.0,1.5,3.0,2.5,1.0,1,,0,0%,Prestructural,Remember
16,5.0,5.0,4.5,0.0,0.5,0,,0,0%,Prestructural,Remember
17,4.0,3.0,3.0,1.0,1.0,tie,,0,0%,Prestructural,Remember
18,4.0,3.5,3.0,0.5,1.0,0,,0,0%,Prestructural,Remember
19,4.0,5.0,3.0,1.0,1.0,tie,,0,0%,Prestructural,Remember
20,4.0,3.0,2.5,1.0,1.5,0,,0,0%,Prestructural,Remember
21,5.0,5.0,4.5,0.0,0.5,0,,0,0%,Prestructural,Remember
22,5.0,5.0,4.5,0.0,0.5,0,,0,0%,Prestructural,Remember
23,5.0,5.0,4.5,0.0,0.5,0,,0,0%,Prestructural,Remember
24,4.0,2.0,3.0,2.0,1.0,1,,0,0%,Prestructural,Remember
25,5.0,5.0,4.5,0.0,0.5,0,,0,0%,Prestructural,Remember
26,5.0,5.0,3.0,0.0,2.0,0,,0,0%,Prestructural,Remember
27,5.0,5.0,4.5,0.0,0.5,0,,0,0%,Prestructural,Remember
28,5.0,3.0,4.5,2.0,0.5,1,,0,0%,Prestructural,Remember
29,0.0,0.0,0.0,0.0,0.0,tie,,0,0%,Prestructural,Remember
30,3.0,1.0,1.0,2.0,2.0,tie,,0,0%,Prestructural,Remember
31,1.0,0.0,0.5,1.0,0.5,1,,0,0%,Prestructural,Remember
32,1.0,0.0,0.5,1.0,0.5,1,,0,0%,Prestructural,Remember
33,4.0,5.0,2.5,1.0,1.5,0,,0,0%,Prestructural,Remember
34,1.0,1.0,0.5,0.0,0.5,0,,0,0%,Prestructural,Remember
35,0.0,0.5,0.5,0.5,0.5,tie,,0,0%,Prestructural,Remember
36,3.0,1.0,1.0,2.0,2.0,tie,,0,0%,Prestructural,Remember
37,0.0,2.0,0.5,2.0,0.5,1,,0,0%,Prestructural,Remember
38,2.0,1.0,1.5,1.0,0.5,1,,0,0%,Prestructural,Remember
39,0.0,0.0,0.0,0.0,0.0,tie,,0,0%,Prestructural,Remember
40,2.0,5.0,3.0,3.0,1.0,1,,0,0%,Prestructural,Remember
41,3.0,5.0,3.0,2.0,0.0,1,,0,0%,Prestructural,Remember
42,3.0,5.0,3.0,2.0,0.0,1,,0,0%,Prestructural,Remember
43,3.0,5.0,3.0,2.0,0.0,1,,0,0%,Prestructural,Remember
44,3.0,5.0,3.0,2.0,0.0,1,,0,0%,Prestructural,Remember
45,0.0,0.0,0.0,0.0,0.0,tie,,0,0%,Prestructural,Remember
46,3.0,3.0,3.0,0.0,0.0,tie,,0,0%,Prestructural,Remember
47,3.0,1.5,0.5,1.5,2.5,0,,0,0%,Prestructural,Remember
48,3.0,5.0,3.0,2.0,0.0,1,,0,0%,Prestructural,Remember
49,3.0,5.0,3.0,2.0,0.0,1,,0,0%,Prestructural,Remember
50,2.0,1.0,1.5,1.0,0.5,1,,0,0%,Prestructural,Remember
51,3.0,5.0,3.0,2.0,0.0,1,,0,0%,Prestructural,Remember
52,5.0,5.0,4.5,0.0,0.5,0,,0,0%,Prestructural,Remember
53,2.0,4.0,1.0,2.0,1.0,1,,0,0%,Prestructural,Remember
54,3.0,5.0,3.0,2.0,0.0,1,,0,0%,Prestructural,Remember
55,2.0,1.0,1.0,1.0,1.0,tie,,0,0%,Prestructural,Remember
56,2.0,1.5,1.0,0.5,1.0,0,,0,0%,Prestructural,Remember
57,3.0,1.5,1.0,1.5,2.0,0,,0,0%,Prestructural,Remember
58,4.0,3.0,1.5,1.0,2.5,0,,0,0%,Prestructural,Remember
59,4.0,5.0,3.0,1.0,1.0,tie,,0,0%,Prestructural,Remember
60,3.0,1.0,1.0,2.0,2.0,tie,,0,0%,Prestructural,Remember
61,3.0,3.5,1.0,0.5,2.0,0,,0,0%,Prestructural,Remember
62,3.0,1.0,1.0,2.0,2.0,tie,,0,0%,Prestructural,Remember
63,5.0,5.0,4.5,0.0,0.5,0,,0,0%,Prestructural,Remember
64,4.0,3.5,3.0,0.5,1.0,0,,0,0%,Prestructural,Remember
65,3.0,1.0,1.0,2.0,2.0,tie,,0,0%,Prestructural,Remember
66,4.0,5.0,1.0,1.0,3.0,0,,0,0%,Prestructural,Remember
67,4.0,3.5,1.0,0.5,3.0,0,,0,0%,Prestructural,Remember
68,3.0,2.0,1.0,1.0,2.0,0,,0,0%,Prestructural,Remember
69,5.0,0.0,1.0,5.0,4.0,1,,0,0%,Prestructural,Remember
70,5.0,5.0,3.0,0.0,2.0,0,,0,0%,Prestructural,Remember
71,5.0,5.0,4.5,0.0,0.5,0,,0,0%,Prestructural,Remember
72,4.0,4.5,4.5,0.5,0.5,tie,,0,0%,Prestructural,Remember
73,4.0,5.0,4.5,1.0,0.5,1,,0,0%,Prestructural,Remember
74,2.0,5.0,1.0,3.0,1.0,1,,0,0%,Prestructural,Remember
75,2.0,1.5,3.0,0.5,1.0,0,,0,0%,Prestructural,Remember
76,3.0,5.0,4.5,2.0,1.5,1,,0,0%,Prestructural,Understand
77,3.0,1.0,3.0,2.0,0.0,1,,0,0%,Prestructural,Understand
78,3.0,5.0,3.0,2.0,0.0,1,,0,0%,Prestructural,Remember
79,3.0,5.0,4.5,2.0,1.5,1,,0,0%,Prestructural,Understand
80,3.0,5.0,3.0,2.0,0.0,1,,0,0%,Prestructural,Remember
81,3.0,5.0,5.0,2.0,2.0,tie,,0,0%,Prestructural,Understand
82,1.0,4.5,2.0,3.5,1.0,1,,0,0%,Prestructural,Understand
83,2.0,5.0,4.0,3.0,2.0,1,,0,0%,Prestructural,Remember
84,1.0,4.5,4.0,3.5,3.0,1,,0,0%,Prestructural,Remember
85,1.0,4.5,3.0,3.5,2.0,1,,0,0%,Prestructural,Remember
86,2.0,4.5,5.0,2.5,3.0,0,,0,0%,Prestructural,Remember
87,2.0,5.0,5.0,3.0,3.0,tie,,0,0%,Prestructural,Remember
88,1.0,5.0,5.0,4.0,4.0,tie,,0,0%,Prestructural,Remember
89,2.0,3.0,4.0,1.0,2.0,0,,0,0%,Prestructural,Remember
90,2.0,5.0,5.0,3.0,3.0,tie,,0,0%,Prestructural,Remember
91,1.0,5.0,5.0,4.0,4.0,tie,,0,0%,Prestructural,Remember
92,2.0,5.0,5.0,3.0,3.0,tie,,0,0%,Prestructural,Remember
93,2.0,5.0,5.0,3.0,3.0,tie,,0,0%,Prestructural,Remember
94,2.0,3.0,3.0,1.0,1.0,tie,,0,0%,Prestructural,Remember
95,1.0,4.5,5.0,3.5,4.0,0,,0,0%,Prestructural,Remember
96,1.0,4.5,5.0,3.5,4.0,0,,0,0%,Prestructural,Remember
97,1.0,2.0,3.0,1.0,2.0,0,,0,0%,Prestructural,Remember
98,2.0,4.0,3.5,2.0,1.5,1,,0,0%,Prestructural,Remember
99,1.0,2.0,2.5,1.0,1.5,0,,0,0%,Prestructural,Remember
100,0.0,1.5,1.0,1.5,1.0,1,,0,0%,Prestructural,Remember
101,1.0,1.0,5.0,0.0,4.0,0,,0,0%,Prestructural,Remember
102,1.0,0.5,1.0,0.5,0.0,1,,0,0%,Prestructural,Remember
103,2.0,5.0,5.0,3.0,3.0,tie,,0,0%,Prestructural,Remember
104,2.0,5.0,5.0,3.0,3.0,tie,,0,0%,Prestructural,Remember
105,2.0,4.5,4.0,2.5,2.0,1,,0,0%,Prestructural,Remember
106,2.0,5.0,5.0,3.0,3.0,tie,,0,0%,Prestructural,Understand
107,1.0,4.5,5.0,3.5,4.0,0,,0,0%,Prestructural,Remember
108,2.0,5.0,5.0,3.0,3.0,tie,,0,0%,Prestructural,Remember
109,0.0,0.0,0.0,0.0,0.0,tie,,0,0%,Prestructural,Remember
110,1.0,2.5,3.0,1.5,2.0,0,,0,0%,Prestructural,Remember
111,0.0,0.0,0.0,0.0,0.0,tie,,0,0%,Prestructural,Remember
112,3.0,2.5,4.5,0.5,1.5,0,,0,0%,Prestructural,Remember
113,4.0,4.0,5.0,0.0,1.0,0,,0,0%,Prestructural,Remember
114,3.0,4.0,5.0,1.0,2.0,0,,0,0%,Prestructural,Remember
115,3.0,4.5,4.0,1.5,1.0,1,,0,0%,Prestructural,Remember
116,2.0,3.5,3.0,1.5,1.0,1,,0,0%,Prestructural,Remember
117,4.0,4.0,5.0,0.0,1.0,0,,0,0%,Prestructural,Remember
118,3.0,5.0,4.0,2.0,1.0,1,,0,0%,Prestructural,Remember
119,3.0,4.0,5.0,1.0,2.0,0,,0,0%,Prestructural,Remember
120,5.0,5.0,5.0,0.0,0.0,tie,,0,0%,Prestructural,Understand
121,4.0,4.0,5.0,0.0,1.0,0,,0,0%,Prestructural,Remember
122,4.0,5.0,5.0,1.0,1.0,tie,,0,0%,Prestructural,Remember
123,4.0,4.5,5.0,0.5,1.0,0,,0,0%,Prestructural,Remember
124,4.0,5.0,5.0,1.0,1.0,tie,,0,0%,Prestructural,Remember
125,4.0,5.0,5.0,1.0,1.0,tie,,0,0%,Prestructural,Remember
126,4.0,4.5,5.0,0.5,1.0,0,,0,0%,Prestructural,Remember
127,4.0,4.5,5.0,0.5,1.0,0,,0,0%,Prestructural,Remember
128,4.0,4.5,5.0,0.5,1.0,0,,0,0%,Prestructural,Remember
129,4.0,5.0,5.0,1.0,1.0,tie,,0,0%,Prestructural,Remember
130,4.0,5.0,5.0,1.0,1.0,tie,,0,0%,Prestructural,Remember
131,4.0,5.0,5.0,1.0,1.0,tie,,0,0%,Prestructural,Remember
132,4.0,5.0,5.0,1.0,1.0,tie,,0,0%,Prestructural,Remember
133,4.0,5.0,5.0,1.0,1.0,tie,,0,0%,Prestructural,Remember
134,4.0,5.0,5.0,1.0,1.0,tie,,0,0%,Prestructural,Remember
135,4.0,5.0,5.0,1.0,1.0,tie,,0,0%,Prestructural,Remember
136,4.0,5.0,5.0,1.0,1.0,tie,,0,0%,Prestructural,Remember
137,4.0,5.0,5.0,1.0,1.0,tie,,0,0%,Prestructural,Remember
138,4.0,5.0,5.0,1.0,1.0,tie,,0,0%,Prestructural,Remember
139,4.0,5.0,5.0,1.0,1.0,tie,,0,0%,Prestructural,Remember
140,4.0,5.0,5.0,1.0,1.0,tie,,0,0%,Prestructural,Remember
141,4.0,5.0,5.0,1.0,1.0,tie,,0,0%,Prestructural,Remember
142,4.0,5.0,5.0,1.0,1.0,tie,,0,0%,Prestructural,Remember
143,4.0,5.0,5.0,1.0,1.0,tie,,0,0%,Prestructural,Remember
144,4.0,5.0,5.0,1.0,1.0,tie,,0,0%,Prestructural,Remember
145,4.0,5.0,5.0,1.0,1.0,tie,,0,0%,Prestructural,Understand
146,4.0,5.0,5.0,1.0,1.0,tie,,0,0%,Prestructural,Remember
147,4.0,5.0,5.0,1.0,1.0,tie,,0,0%,Prestructural,Remember
148,4.0,5.0,5.0,1.0,1.0,tie,,0,0%,Prestructural,Understand
149,0.0,1.0,1.0,1.0,1.0,tie,,0,0%,Prestructural,Remember
150,0.0,0.0,0.0,0.0,0.0,tie,,0,0%,Prestructural,Remember
151,0.0,0.0,0.0,0.0,0.0,tie,,0,0%,Prestructural,Remember
152,0.0,0.0,0.0,0.0,0.0,tie,,0,0%,Prestructural,Remember
153,0.0,0.0,0.0,0.0,0.0,tie,,0,0%,Prestructural,Remember
154,0.0,0.0,0.0,0.0,0.0,tie,,0,0%,Prestructural,Remember
155,0.0,0.0,0.0,0.0,0.0,tie,,0,0%,Prestructural,Remember
156,0.0,0.0,0.0,0.0,0.0,tie,,0,0%,Prestructural,Remember
157,0.0,0.5,0.0,0.5,0.0,1,,0,0%,Prestructural,Remember
158,0.0,0.0,0.0,0.0,0.0,tie,,0,0%,Prestructural,Remember
159,0.0,0.0,0.0,0.0,0.0,tie,,0,0%,Prestructural,Remember
160,0.0,0.0,0.5,0.0,0.5,0,,0,0%,Prestructural,Remember
161,4.0,5.0,5.0,1.0,1.0,tie,,0,0%,Prestructural,Remember
162,4.0,4.5,4.5,0.5,0.5,tie,,0,0%,Prestructural,Remember
163,4.0,4.5,3.0,0.5,1.0,0,,0,0%,Prestructural,Remember
164,4.0,5.0,5.0,1.0,1.0,tie,,0,0%,Prestructural,Remember
165,4.0,2.5,3.0,1.5,1.0,1,,0,0%,Prestructural,Remember
166,4.0,3.5,3.5,0.5,0.5,tie,,0,0%,Prestructural,Remember
167,4.0,5.0,4.5,1.0,0.5,1,,0,0%,Prestructural,Remember
168,5.0,5.0,5.0,0.0,0.0,tie,,0,0%,Prestructural,Remember
169,5.0,5.0,5.0,0.0,0.0,tie,,0,0%,Prestructural,Understand
170,5.0,5.0,5.0,0.0,0.0,tie,,0,0%,Prestructural,Remember
171,5.0,5.0,5.0,0.0,0.0,tie,,0,0%,Prestructural,Understand
172,5.0,5.0,5.0,0.0,0.0,tie,,0,0%,Prestructural,Remember
173,5.0,4.5,4.5,0.5,0.5,tie,,0,0%,Prestructural,Remember
174,5.0,5.0,4.5,0.0,0.5,0,,0,0%,Prestructural,Remember
175,5.0,5.0,0.0,0.0,5.0,0,,0,0%,Prestructural,Remember
176,5.0,4.0,4.0,1.0,1.0,tie,,0,0%,Prestructural,Remember
177,5.0,5.0,5.0,0.0,0.0,tie,,0,0%,Prestructural,Remember
178,5.0,4.5,3.0,0.5,2.0,0,,0,0%,Prestructural,Remember
179,5.0,5.0,5.0,0.0,0.0,tie,,0,0%,Prestructural,Remember
180,5.0,4.0,3.0,1.0,2.0,0,,0,0%,Prestructural,Remember
181,5.0,4.5,4.5,0.5,0.5,tie,,0,0%,Prestructural,Understand
182,5.0,5.0,5.0,0.0,0.0,tie,,0,0%,Prestructural,Understand
183,5.0,5.0,4.5,0.0,0.5,0,,0,0%,Prestructural,Remember
184,5.0,3.5,4.5,1.5,0.5,1,,0,0%,Prestructural,Understand
185,5.0,4.5,3.0,0.5,2.0,0,,0,0%,Prestructural,Remember
186,0.0,0.0,0.0,0.0,0.0,tie,,0,0%,Prestructural,Remember
187,0.0,0.0,0.0,0.0,0.0,tie,,0,0%,Prestructural,Remember
188,0.0,0.0,0.0,0.0,0.0,tie,,0,0%,Prestructural,Remember
189,0.0,0.0,0.0,0.0,0.0,tie,,0,0%,Prestructural,Remember
190,0.0,0.0,0.0,0.0,0.0,tie,,0,0%,Prestructural,Remember
191,0.0,0.0,0.0,0.0,0.0,tie,,0,0%,Prestructural,Remember
192,0.0,0.0,0.0,0.0,0.0,tie,,0,0%,Prestructural,Remember
193,0.0,0.0,0.0,0.0,0.0,tie,,0,0%,Prestructural,Remember
194,0.0,0.0,0.0,0.0,0.0,tie,,0,0%,Prestructural,Understand
195,2.0,0.5,3.0,1.5,1.0,1,,0,0%,Prestructural,Remember
196,2.0,4.5,4.0,2.5,2.0,1,,0,0%,Prestructural,Remember
197,2.0,4.5,4.0,2.5,2.0,1,,0,0%,Prestructural,Remember
198,2.0,4.5,4.0,2.5,2.0,1,,0,0%,Prestructural,Remember
199,2.0,4.0,4.5,2.0,2.5,0,,0,0%,Prestructural,Remember
200,2.0,1.0,2.0,1.0,0.0,1,,0,0%,Prestructural,Remember
201,2.0,1.0,2.0,1.0,0.0,1,,0,0%,Prestructural,Remember
202,2.0,1.5,3.0,0.5,1.0,0,,0,0%,Prestructural,Remember
203,2.0,4.5,3.0,2.5,1.0,1,,0,0%,Prestructural,Remember
204,2.0,4.5,3.0,2.5,1.0,1,,0,0%,Prestructural,Remember
205,2.0,4.5,2.0,2.5,0.0,1,,0,0%,Prestructural,Remember
206,2.0,4.0,3.0,2.0,1.0,1,,0,0%,Prestructural,Remember
207,2.0,4.5,4.5,2.5,2.5,tie,,0,0%,Prestructural,Remember
208,2.0,4.5,4.5,2.5,2.5,tie,,0,0%,Prestructural,Remember
209,5.0,4.5,4.5,0.5,0.5,tie,,0,0%,Prestructural,Remember
210,5.0,3.5,4.5,1.5,0.5,1,,0,0%,Prestructural,Remember
211,5.0,4.5,5.0,0.5,0.0,1,,0,0%,Prestructural,Remember
212,5.0,5.0,5.0,0.0,0.0,tie,,0,0%,Prestructural,Remember
213,5.0,4.5,5.0,0.5,0.0,1,,0,0%,Prestructural,Remember
214,5.0,4.5,4.5,0.5,0.5,tie,,0,0%,Prestructural,Understand
215,5.0,5.0,4.5,0.0,0.5,0,,0,0%,Prestructural,Remember
216,5.0,5.0,4.5,0.0,0.5,0,,0,0%,Prestructural,Remember
217,5.0,4.0,4.5,1.0,0.5,1,,0,0%,Prestructural,Remember
218,5.0,5.0,4.5,0.0,0.5,0,,0,0%,Prestructural,Remember
219,5.0,4.5,4.5,0.5,0.5,tie,,0,0%,Prestructural,Remember
220,5.0,5.0,4.5,0.0,0.5,0,,0,0%,Prestructural,Remember
221,5.0,5.0,4.0,0.0,1.0,0,,0,0%,Prestructural,Remember
222,5.0,5.0,4.5,0.0,0.5,0,,0,0%,Prestructural,Remember
223,5.0,1.5,4.5,3.5,0.5,1,,0,0%,Prestructural,Remember
224,5.0,4.0,4.5,1.0,0.5,1,,0,0%,Prestructural,Remember
225,5.0,5.0,4.5,0.0,0.5,0,,0,0%,Prestructural,Remember
226,5.0,5.0,4.5,0.0,0.5,0,,0,0%,Prestructural,Remember
227,5.0,4.5,4.5,0.5,0.5,tie,,0,0%,Prestructural,Remember
228,5.0,4.5,4.5,0.5,0.5,tie,,0,0%,Prestructural,Remember
229,5.0,4.5,4.5,0.5,0.5,tie,,0,0%,Prestructural,Remember
230,5.0,5.0,4.5,0.0,0.5,0,,0,0%,Prestructural,Remember
231,5.0,5.0,4.5,0.0,0.5,0,,0,0%,Prestructural,Remember
232,1.0,2.0,2.0,1.0,1.0,tie,,0,0%,Prestructural,Remember
233,1.0,5.0,5.0,4.0,4.0,tie,,0,0%,Prestructural,Remember
234,2.0,1.0,3.0,1.0,1.0,tie,,0,0%,Prestructural,Remember
235,2.0,1.5,1.0,0.5,1.0,0,,0,0%,Prestructural,Remember
236,3.0,4.0,4.5,1.0,1.5,0,,0,0%,Prestructural,Remember
237,3.0,2.5,4.5,0.5,1.5,0,,0,0%,Prestructural,Remember
238,3.0,5.0,4.5,2.0,1.5,1,,0,0%,Prestructural,Remember
239,3.0,4.5,4.5,1.5,1.5,tie,,0,0%,Prestructural,Remember
240,3.0,3.0,1.0,0.0,2.0,0,,0,0%,Prestructural,Remember
241,3.0,4.5,3.5,1.5,0.5,1,,0,0%,Prestructural,Remember
242,3.0,4.5,3.5,1.5,0.5,1,,0,0%,Prestructural,Remember
243,3.0,3.0,3.0,0.0,0.0,tie,,0,0%,Prestructural,Remember
244,3.0,3.5,3.0,0.5,0.0,1,,0,0%,Prestructural,Remember
245,3.0,3.0,3.5,0.0,0.5,0,,0,0%,Prestructural,Remember
246,3.0,2.75,3.0,0.25,0.0,1,,0,0%,Prestructural,Remember
247,3.0,5.0,3.0,2.0,0.0,1,,0,0%,Prestructural,Remember
248,3.0,5.0,3.0,2.0,0.0,1,,0,0%,Prestructural,Remember
249,3.0,2.5,2.0,0.5,1.0,0,,0,0%,Prestructural,Remember
250,3.0,5.0,2.0,2.0,1.0,1,,0,0%,Prestructural,Remember
251,3.0,4.5,2.0,1.5,1.0,1,,0,0%,Prestructural,Remember
252,3.0,5.0,3.0,2.0,0.0,1,,0,0%,Prestructural,Remember
253,3.0,2.0,2.0,1.0,1.0,tie,,0,0%,Prestructural,Remember
254,3.0,0.0,1.0,3.0,2.0,1,,0,0%,Prestructural,Remember
255,3.0,2.5,2.0,0.5,1.0,0,,0,0%,Prestructural,Remember
256,3.0,5.0,3.0,2.0,0.0,1,,0,0%,Prestructural,Remember
257,3.0,5.0,3.0,2.0,0.0,1,,0,0%,Prestructural,Remember
258,1.0,5.0,5.0,4.0,4.0,tie,,0,0%,Prestructural,Remember
259,1.0,1.0,1.0,0.0,0.0,tie,,0,0%,Prestructural,Remember
260,1.0,5.0,5.0,4.0,4.0,tie,,0,0%,Prestructural,Remember
261,1.0,2.75,3.0,1.75,2.0,0,,0,0%,Prestructural,Remember
262,1.0,2.0,1.5,1.0,0.5,1,,0,0%,Prestructural,Remember
263,1.0,5.0,3.0,4.0,2.0,1,,0,0%,Prestructural,Remember
264,1.0,1.5,1.0,0.5,0.0,1,,0,0%,Prestructural,Remember
265,1.0,2.0,2.0,1.0,1.0,tie,,0,0%,Prestructural,Remember
266,1.0,3.0,2.0,2.0,1.0,1,,0,0%,Prestructural,Remember
267,1.0,2.5,2.0,1.5,1.0,1,,0,0%,Prestructural,Remember
268,0.0,3.0,1.0,3.0,1.0,1,,0,0%,Prestructural,Remember
269,0.0,0.0,0.0,0.0,0.0,tie,,0,0%,Prestructural,Remember
270,0.0,0.0,0.0,0.0,0.0,tie,,0,0%,Prestructural,Remember
271,0.0,0.0,0.0,0.0,0.0,tie,,0,0%,Prestructural,Remember
272,0.0,0.0,0.0,0.0,0.0,tie,,0,0%,Prestructural,Remember
273,0.0,0.0,0.0,0.0,0.0,tie,,0,0%,Prestructural,Remember
274,0.0,0.0,0.0,0.0,0.0,tie,,0,0%,Prestructural,Remember
275,0.0,0.5,1.0,0.5,1.0,0,,0,0%,Prestructural,Remember
276,0.0,0.0,0.0,0.0,0.0,tie,,0,0%,Prestructural,Remember
277,0.0,0.0,0.0,0.0,0.0,tie,,0,0%,Prestructural,Remember
278,1.0,5.0,3.0,4.0,2.0,1,,0,0%,Prestructural,Remember
279,1.0,3.5,2.0,2.5,1.0,1,,0,0%,Prestructural,Remember
280,1.0,5.0,2.0,4.0,1.0,1,,0,0%,Prestructural,Remember
281,1.0,0.0,3.0,1.0,2.0,0,,0,0%,Prestructural,Remember
282,1.0,1.0,1.0,0.0,0.0,tie,,0,0%,Prestructural,Remember
283,1.0,2.0,2.0,1.0,1.0,tie,,0,0%,Prestructural,Remember
284,1.0,0.0,0.0,1.0,1.0,tie,,0,0%,Prestructural,Remember
285,2.0,5.0,5.0,3.0,3.0,tie,,0,0%,Prestructural,Remember
286,2.0,5.0,5.0,3.0,3.0,tie,,0,0%,Prestructural,Remember
287,0.0,0.0,5.0,0.0,5.0,0,,0,0%,Prestructural,Remember
288,2.0,0.0,5.0,2.0,3.0,0,,0,0%,Prestructural,Remember
289,2.0,5.0,4.0,3.0,2.0,1,,0,0%,Prestructural,Remember
290,2.0,5.0,5.0,3.0,3.0,tie,,0,0%,Prestructural,Remember
291,2.0,5.0,5.0,3.0,3.0,tie,,0,0%,Prestructural,Remember
292,2.0,0.0,5.0,2.0,3.0,0,,0,0%,Prestructural,Remember
293,2.0,3.0,5.0,1.0,3.0,0,,0,0%,Prestructural,Remember
294,2.0,0.0,5.0,2.0,3.0,0,,0,0%,Prestructural,Remember
295,0.0,0.0,5.0,0.0,5.0,0,,0,0%,Prestructural,Remember
296,2.0,0.0,5.0,2.0,3.0,0,,0,0%,Prestructural,Remember
297,2.0,5.0,5.0,3.0,3.0,tie,,0,0%,Prestructural,Remember
298,2.0,5.0,5.0,3.0,3.0,tie,,0,0%,Prestructural,Remember
299,2.0,5.0,5.0,3.0,3.0,tie,,0,0%,Prestructural,Understand
300,2.0,5.0,5.0,3.0,3.0,tie,,0,0%,Prestructural,Remember
301,2.0,0.0,5.0,2.0,3.0,0,,0,0%,Prestructural,Remember
302,3.0,1.0,2.5,2.0,0.5,1,,0,0%,Prestructural,Understand
303,3.0,5.0,5.0,2.0,2.0,tie,,0,0%,Prestructural,Remember
304,4.0,5.0,5.0,1.0,1.0,tie,,0,0%,Prestructural,Remember
305,5.0,4.0,5.0,1.0,0.0,1,,0,0%,Prestructural,Remember
306,4.0,5.0,5.0,1.0,1.0,tie,,0,0%,Prestructural,Remember
307,2.0,0.5,2.0,1.5,0.0,1,,0,0%,Prestructural,Remember
308,4.0,4.0,4.0,0.0,0.0,tie,,0,0%,Prestructural,Remember
309,5.0,5.0,4.5,0.0,0.5,0,,0,0%,Prestructural,Remember
310,5.0,5.0,4.0,0.0,1.0,0,,0,0%,Prestructural,Remember
311,4.0,5.0,2.0,1.0,2.0,0,,0,0%,Prestructural,Remember
312,4.0,5.0,4.5,1.0,0.5,1,,0,0%,Prestructural,Remember
313,4.0,4.0,4.0,0.0,0.0,tie,,0,0%,Prestructural,Remember
314,5.0,4.5,4.5,0.5,0.5,tie,,0,0%,Prestructural,Remember
315,2.0,1.0,1.0,1.0,1.0,tie,,0,0%,Prestructural,Remember
316,4.0,3.0,2.0,1.0,2.0,0,,0,0%,Prestructural,Remember
317,5.0,5.0,5.0,0.0,0.0,tie,,0,0%,Prestructural,Remember
318,5.0,5.0,2.0,0.0,3.0,0,,0,0%,Prestructural,Remember
319,5.0,0.0,3.0,5.0,2.0,1,,0,0%,Prestructural,Remember
320,4.0,3.0,2.0,1.0,2.0,0,,0,0%,Prestructural,Remember
321,4.0,3.0,2.5,1.0,1.5,0,,0,0%,Prestructural,Remember
322,5.0,3.5,3.0,1.5,2.0,0,,0,0%,Prestructural,Remember
323,4.0,5.0,4.0,1.0,0.0,1,,0,0%,Prestructural,Remember
324,5.0,5.0,4.0,0.0,1.0,0,,0,0%,Prestructural,Remember
325,4.0,5.0,3.0,1.0,1.0,tie,,0,0%,Prestructural,Remember
326,4.0,3.5,3.5,0.5,0.5,tie,,0,0%,Prestructural,Remember
327,4.0,2.0,3.0,2.0,1.0,1,,0,0%,Prestructural,Remember
328,5.0,5.0,4.0,0.0,1.0,0,,0,0%,Prestructural,Remember
329,4.0,3.0,3.0,1.0,1.0,tie,,0,0%,Prestructural,Remember
330,4.0,3.5,2.5,0.5,1.5,0,,0,0%,Prestructural,Remember
331,4.0,5.0,3.0,1.0,1.0,tie,,0,0%,Prestructural,Remember
332,4.0,3.0,2.5,1.0,1.5,0,,0,0%,Prestructural,Remember
333,5.0,5.0,4.0,0.0,1.0,0,,0,0%,Prestructural,Remember
334,5.0,5.0,4.0,0.0,1.0,0,,0,0%,Prestructural,Remember
335,5.0,5.0,4.0,0.0,1.0,0,,0,0%,Prestructural,Remember
336,4.0,3.5,2.5,0.5,1.5,0,,0,0%,Prestructural,Remember
337,5.0,5.0,4.0,0.0,1.0,0,,0,0%,Prestructural,Remember
338,5.0,5.0,3.0,0.0,2.0,0,,0,0%,Prestructural,Remember
339,5.0,3.5,4.0,1.5,1.0,1,,0,0%,Prestructural,Remember
340,5.0,3.0,4.0,2.0,1.0,1,,0,0%,Prestructural,Remember
341,0.0,0.0,0.0,0.0,0.0,tie,,0,0%,Prestructural,Remember
342,3.0,1.0,1.0,2.0,2.0,tie,,0,0%,Prestructural,Remember
343,1.0,0.0,0.5,1.0,0.5,1,,0,0%,Prestructural,Remember
344,1.0,0.0,0.5,1.0,0.5,1,,0,0%,Prestructural,Remember
345,4.0,4.0,2.5,0.0,1.5,0,,0,0%,Prestructural,Remember
346,1.0,1.0,0.5,0.0,0.5,0,,0,0%,Prestructural,Remember
347,0.0,0.5,0.5,0.5,0.5,tie,,0,0%,Prestructural,Remember
348,3.0,1.0,1.0,2.0,2.0,tie,,0,0%,Prestructural,Remember
349,0.0,2.0,0.5,2.0,0.5,1,,0,0%,Prestructural,Remember
350,2.0,1.0,1.0,1.0,1.0,tie,,0,0%,Prestructural,Remember
351,0.0,0.0,0.0,0.0,0.0,tie,,0,0%,Prestructural,Remember
352,2.0,4.0,3.0,2.0,1.0,1,,0,0%,Prestructural,Remember
353,3.0,4.0,3.0,1.0,0.0,1,,0,0%,Prestructural,Remember
354,3.0,4.0,3.0,1.0,0.0,1,,0,0%,Prestructural,Remember
355,3.0,3.5,3.0,0.5,0.0,1,,0,0%,Prestructural,Remember
356,3.0,3.5,3.0,0.5,0.0,1,,0,0%,Prestructural,Remember
357,0.0,0.0,0.0,0.0,0.0,tie,,0,0%,Prestructural,Remember
358,3.0,3.5,3.0,0.5,0.0,1,,0,0%,Prestructural,Remember
359,3.0,1.5,1.0,1.5,2.0,0,,0,0%,Prestructural,Remember
360,3.0,2.0,3.0,1.0,0.0,1,,0,0%,Prestructural,Remember
361,3.0,2.0,3.0,1.0,0.0,1,,0,0%,Prestructural,Remember
362,2.0,1.0,1.0,1.0,1.0,tie,,0,0%,Prestructural,Remember
363,3.0,3.5,3.0,0.5,0.0,1,,0,0%,Prestructural,Remember
364,5.0,5.0,3.0,0.0,2.0,0,,0,0%,Prestructural,Remember
365,2.0,3.5,1.0,1.5,1.0,1,,0,0%,Prestructural,Remember
366,3.0,5.0,2.0,2.0,1.0,1,,0,0%,Prestructural,Remember
367,2.0,1.0,1.0,1.0,1.0,tie,,0,0%,Prestructural,Remember
368,2.0,1.5,1.0,0.5,1.0,0,,0,0%,Prestructural,Remember
369,3.0,1.5,1.0,1.5,2.0,0,,0,0%,Prestructural,Remember
370,4.0,2.5,2.0,1.5,2.0,0,,0,0%,Prestructural,Remember
371,4.0,5.0,2.5,1.0,1.5,0,,0,0%,Prestructural,Remember
372,3.0,1.0,1.0,2.0,2.0,tie,,0,0%,Prestructural,Remember
373,3.0,2.0,1.0,1.0,2.0,0,,0,0%,Prestructural,Remember
374,3.0,1.0,1.0,2.0,2.0,tie,,0,0%,Prestructural,Remember
375,5.0,5.0,5.0,0.0,0.0,tie,,0,0%,Prestructural,Remember
376,4.0,3.5,2.5,0.5,1.5,0,,0,0%,Prestructural,Remember
377,3.0,1.0,1.0,2.0,2.0,tie,,0,0%,Prestructural,Remember
378,4.0,3.0,1.0,1.0,3.0,0,,0,0%,Prestructural,Remember
379,4.0,2.0,1.0,2.0,3.0,0,,0,0%,Prestructural,Remember
380,3.0,3.0,1.0,0.0,2.0,0,,0,0%,Prestructural,Remember
381,5.0,1.0,1.0,4.0,4.0,tie,,0,0%,Prestructural,Remember
382,5.0,4.0,3.0,1.0,2.0,0,,0,0%,Prestructural,Remember
383,5.0,5.0,4.5,0.0,0.5,0,,0,0%,Prestructural,Remember
384,4.0,4.0,4.0,0.0,0.0,tie,,0,0%,Prestructural,Remember
385,4.0,5.0,4.0,1.0,0.0,1,,0,0%,Prestructural,Remember
386,2.0,4.5,1.0,2.5,1.0,1,,0,0%,Prestructural,Remember
387,2.0,1.5,2.5,0.5,0.5,tie,,0,0%,Prestructural,Remember
388,3.0,5.0,4.0,2.0,1.0,1,,0,0%,Prestructural,Understand
389,3.0,1.5,2.5,1.5,0.5,1,,0,0%,Prestructural,Understand
390,3.0,5.0,2.0,2.0,1.0,1,,0,0%,Prestructural,Remember
391,3.0,5.0,4.0,2.0,1.0,1,,0,0%,Prestructural,Understand
392,3.0,5.0,3.0,2.0,0.0,1,,0,0%,Prestructural,Remember
393,3.0,5.0,4.0,2.0,1.0,1,,0,0%,Prestructural,Understand
394,1.0,5.0,2.5,4.0,1.5,1,,0,0%,Prestructural,Understand
395,2.0,5.0,3.0,3.0,1.0,1,,0,0%,Prestructural,Remember
396,1.0,3.0,3.0,2.0,2.0,tie,,0,0%,Prestructural,Remember
397,1.0,4.0,2.5,3.0,1.5,1,,0,0%,Prestructural,Remember
398,2.0,3.0,4.0,1.0,2.0,0,,0,0%,Prestructural,Remember
399,2.0,5.0,5.0,3.0,3.0,tie,,0,0%,Prestructural,Remember
400,1.0,5.0,5.0,4.0,4.0,tie,,0,0%,Prestructural,Remember
401,2.0,3.0,3.0,1.0,1.0,tie,,0,0%,Prestructural,Remember
402,2.0,5.0,5.0,3.0,3.0,tie,,0,0%,Prestructural,Remember
403,1.0,5.0,5.0,4.0,4.0,tie,,0,0%,Prestructural,Remember
404,2.0,5.0,5.0,3.0,3.0,tie,,0,0%,Prestructural,Remember
405,2.0,5.0,5.0,3.0,3.0,tie,,0,0%,Prestructural,Remember
406,2.0,2.0,3.0,0.0,1.0,0,,0,0%,Prestructural,Remember
407,1.0,4.5,5.0,3.5,4.0,0,,0,0%,Prestructural,Remember
408,1.0,4.5,5.0,3.5,4.0,0,,0,0%,Prestructural,Remember
409,1.0,1.0,2.0,0.0,1.0,0,,0,0%,Prestructural,Remember
410,2.0,4.0,3.0,2.0,1.0,1,,0,0%,Prestructural,Remember
411,1.0,2.0,2.0,1.0,1.0,tie,,0,0%,Prestructural,Remember
412,0.0,1.5,1.0,1.5,1.0,1,,0,0%,Prestructural,Remember
413,1.0,5.0,3.0,4.0,2.0,1,,0,0%,Prestructural,Remember
414,1.0,2.0,1.0,1.0,0.0,1,,0,0%,Prestructural,Remember
415,2.0,5.0,5.0,3.0,3.0,tie,,0,0%,Prestructural,Remember
416,2.0,5.0,5.0,3.0,3.0,tie,,0,0%,Prestructural,Remember
417,2.0,5.0,3.0,3.0,1.0,1,,0,0%,Prestructural,Remember
418,2.0,5.0,5.0,3.0,3.0,tie,,0,0%,Prestructural,Understand
419,1.0,4.5,4.5,3.5,3.5,tie,,0,0%,Prestructural,Remember
420,2.0,5.0,5.0,3.0,3.0,tie,,0,0%,Prestructural,Remember
421,0.0,0.0,0.0,0.0,0.0,tie,,0,0%,Prestructural,Remember
422,1.0,2.5,2.0,1.5,1.0,1,,0,0%,Prestructural,Remember
423,0.0,0.0,0.0,0.0,0.0,tie,,0,0%,Prestructural,Remember
424,3.0,2.5,4.0,0.5,1.0,0,,0,0%,Prestructural,Remember
425,4.0,2.0,4.0,2.0,0.0,1,,0,0%,Prestructural,Remember
426,0.0,0.0,0.0,0.0,0.0,tie,,0,0%,Prestructural,Remember
427,0.0,0.0,0.0,0.0,0.0,tie,,0,0%,Prestructural,Remember
428,2.0,4.0,3.0,2.0,1.0,1,,0,0%,Prestructural,Remember
429,2.0,5.0,2.0,3.0,0.0,1,,0,0%,Prestructural,Remember
430,2.0,3.0,4.5,1.0,2.5,0,,0,0%,Prestructural,Remember
431,2.0,4.0,4.0,2.0,2.0,tie,,0,0%,Prestructural,Remember
432,2.0,2.0,2.0,0.0,0.0,tie,,0,0%,Prestructural,Remember
433,2.0,4.0,2.5,2.0,0.5,1,,0,0%,Prestructural,Understand
434,2.0,1.5,1.0,0.5,1.0,0,,0,0%,Prestructural,Remember
435,2.0,3.0,5.0,1.0,3.0,0,,0,0%,Prestructural,Remember
436,4.0,4.0,3.5,0.0,0.5,0,,0,0%,Prestructural,Remember
437,4.0,5.0,5.0,1.0,1.0,tie,,0,0%,Prestructural,Remember
438,4.0,5.0,5.0,1.0,1.0,tie,,0,0%,Prestructural,Remember
439,4.0,4.0,4.5,0.0,0.5,0,,0,0%,Prestructural,Remember
440,4.0,5.0,5.0,1.0,1.0,tie,,0,0%,Prestructural,Remember
441,4.0,5.0,5.0,1.0,1.0,tie,,0,0%,Prestructural,Analyze
442,5.0,4.0,5.0,1.0,0.0,1,,0,0%,Prestructural,Remember
443,5.0,5.0,5.0,0.0,0.0,tie,,0,0%,Prestructural,Remember
444,5.0,5.0,5.0,0.0,0.0,tie,,0,0%,Prestructural,Remember
445,5.0,5.0,5.0,0.0,0.0,tie,,0,0%,Prestructural,Remember
446,5.0,4.0,4.5,1.0,0.5,1,,0,0%,Prestructural,Analyze
447,5.0,5.0,4.5,0.0,0.5,0,,0,0%,Prestructural,Understand
448,3.0,5.0,5.0,2.0,2.0,tie,,0,0%,Prestructural,Remember
449,3.0,4.0,5.0,1.0,2.0,0,,0,0%,Prestructural,Remember
450,3.0,5.0,5.0,2.0,2.0,tie,,0,0%,Prestructural,Remember
451,3.0,5.0,5.0,2.0,2.0,tie,,0,0%,Prestructural,Remember
452,3.0,5.0,5.0,2.0,2.0,tie,,0,0%,Prestructural,Remember
453,3.0,5.0,5.0,2.0,2.0,tie,,0,0%,Prestructural,Understand
454,2.0,1.0,3.0,1.0,1.0,tie,,0,0%,Prestructural,Analyze
455,2.0,2.0,3.0,0.0,1.0,0,,0,0%,Prestructural,Remember
456,2.0,4.0,4.5,2.0,2.5,0,,0,0%,Prestructural,Analyze
457,2.0,2.0,3.0,0.0,1.0,0,,0,0%,Prestructural,Remember
458,2.0,3.0,4.5,1.0,2.5,0,,0,0%,Prestructural,Remember
459,2.0,3.0,4.5,1.0,2.5,0,,0,0%,Prestructural,Remember
460,1.0,4.0,4.5,3.0,3.5,0,,0,0%,Prestructural,Remember
461,1.0,3.0,2.0,2.0,1.0,1,,0,0%,Prestructural,Remember
462,1.0,4.5,5.0,3.5,4.0,0,,0,0%,Prestructural,Remember
463,1.0,2.0,3.0,1.0,2.0,0,,0,0%,Prestructural,Remember
464,1.0,4.0,4.5,3.0,3.5,0,,0,0%,Prestructural,Remember
465,1.0,1.0,2.0,0.0,1.0,0,,0,0%,Prestructural,Analyze
466,0.0,0.0,0.0,0.0,0.0,tie,,0,0%,Prestructural,Remember
467,0.0,2.0,0.0,2.0,0.0,1,,0,0%,Prestructural,Remember
468,0.0,0.0,0.0,0.0,0.0,tie,,0,0%,Prestructural,Remember
469,0.0,2.0,0.0,2.0,0.0,1,,0,0%,Prestructural,Remember
470,0.0,0.0,0.0,0.0,0.0,tie,,0,0%,Prestructural,Remember
471,0.0,0.0,0.0,0.0,0.0,tie,,0,0%,Prestructural,Analyze
472,0.0,1.0,2.0,1.0,2.0,0,,0,0%,Prestructural,Remember
